,MSE,MAPE,RMSE
target_1,1.8011497905726064,0.03970494582450315,1.342069219739655
target_2,3.9893153987622374,0.04820088746558082,1.9973270635432339
