,MSE,MAPE,RMSE
target_1,0.7418964388206631,0.030127665936008276,0.8613341040622177
target_2,1.9775825148056831,0.040326200611032356,1.4062654496238194
