,MSE,MAPE,RMSE
target_1,9.153187855202736,0.10258457838727861,3.0254235827736147
target_2,9.893427647944028,0.084787244936114,3.1453819558114127
